{"stats":{"minecraft:killed_by":{"minecraft:zombie":1},"minecraft:custom":{"minecraft:time_since_rest":2038,"minecraft:interact_with_furnace":1,"minecraft:sprint_one_cm":82112,"minecraft:walk_one_cm":216524,"minecraft:mob_kills":1,"minecraft:damage_dealt":219,"minecraft:fly_one_cm":8301019,"minecraft:deaths":1,"minecraft:crouch_one_cm":24871,"minecraft:play_time":414542,"minecraft:sneak_time":17269,"minecraft:walk_under_water_one_cm":7286,"minecraft:jump":720,"minecraft:leave_game":12,"minecraft:time_since_death":0,"minecraft:walk_on_water_one_cm":604,"minecraft:total_world_time":414542,"minecraft:fall_one_cm":1848,"minecraft:damage_taken":220},"minecraft:used":{"minecraft:oak_fence":25,"minecraft:redstone_torch":1,"minecraft:oak_log":2,"minecraft:oak_trapdoor":2,"minecraft:stone_brick_slab":1,"minecraft:diorite":2,"minecraft:netherite_sword":3,"minecraft:sea_lantern":41,"minecraft:black_concrete":12,"minecraft:iron_ore":14,"minecraft:dirt_path":581,"minecraft:coal_ore":36,"minecraft:smooth_quartz_slab":176,"minecraft:light_gray_concrete":9,"minecraft:deepslate_iron_ore":6,"minecraft:lantern":3,"minecraft:grass_block":105,"minecraft:oak_stairs":8,"minecraft:spruce_slab":85,"minecraft:polished_andesite":4,"minecraft:oak_planks":115,"minecraft:warped_slab":1,"minecraft:quartz_block":99,"minecraft:light_gray_carpet":22,"minecraft:blue_wool":198,"minecraft:spruce_planks":61,"minecraft:dark_oak_leaves":3,"minecraft:stone":147,"minecraft:redstone_block":1,"minecraft:stonecutter":1,"minecraft:grass":1,"minecraft:clay":23,"minecraft:stone_bricks":11,"minecraft:gold_ore":20,"minecraft:oak_leaves":2,"minecraft:smooth_quartz_stairs":40,"minecraft:light_gray_wool":2,"minecraft:blue_carpet":3,"minecraft:torch":11,"minecraft:coal_block":56,"minecraft:brown_carpet":50,"minecraft:anvil":5,"minecraft:dirt":6,"minecraft:redstone_lamp":1,"minecraft:cobblestone":58,"minecraft:warped_stairs":8,"minecraft:black_stained_glass":1,"minecraft:oak_slab":1,"minecraft:grindstone":1,"minecraft:dark_oak_fence":4,"minecraft:spruce_stairs":77,"minecraft:green_concrete_powder":30,"minecraft:lapis_block":34,"minecraft:chain":10,"minecraft:smooth_stone_slab":7,"minecraft:light_gray_concrete_powder":20,"minecraft:stone_pressure_plate":2,"minecraft:spruce_fence":70,"minecraft:cyan_wool":217,"minecraft:spruce_log":47,"minecraft:warped_planks":55,"minecraft:smooth_stone":33,"minecraft:soul_torch":3,"minecraft:moss_block":3},"minecraft:picked_up":{"minecraft:dark_oak_sapling":9,"minecraft:stick":8,"minecraft:bee_nest":2,"minecraft:ladder":2,"minecraft:stone_button":4,"minecraft:string":1,"minecraft:brown_carpet":2,"minecraft:bone":1,"minecraft:wheat_seeds":2,"minecraft:light_gray_carpet":1,"minecraft:rail":5},"minecraft:killed":{"minecraft:zombified_piglin":1}},"DataVersion":3465}