{"stats":{"minecraft:crafted":{"minecraft:oak_planks":4},"minecraft:custom":{"minecraft:jump":64,"minecraft:leave_game":1,"minecraft:time_since_rest":3306,"minecraft:sprint_one_cm":6206,"minecraft:play_time":3306,"minecraft:damage_taken":30,"minecraft:time_since_death":3306,"minecraft:walk_one_cm":3916,"minecraft:total_world_time":3306,"minecraft:drop":9,"minecraft:fall_one_cm":2318,"minecraft:fly_one_cm":47389},"minecraft:picked_up":{"minecraft:sand":11,"minecraft:oak_log":1,"minecraft:oak_planks":6},"minecraft:used":{"minecraft:oak_planks":4,"minecraft:sand":7},"minecraft:mined":{"minecraft:grass":1,"minecraft:oak_log":1,"minecraft:sand":8},"minecraft:dropped":{"minecraft:oak_planks":6,"minecraft:sand":3}},"DataVersion":3465}